file,filename_center_lon,filename_center_lat,filename_date,xml,selected_time_tag,selected_time,selected_time_raw,mid_time_from_start_end,xml_lon_tag,xml_center_lon,xml_lat_tag,xml_center_lat,coordinate_source,status,message,selected_time_local,selected_time_utc,time_offset_hours_applied,tide_model,tide_interpolation,tide_query_lon,tide_query_lat,tide_point_source,tide_point_distance_km,tide_ocean_m,tide_level_class,tide_level_class_threshold,tide_q25_m,tide_q50_m,tide_q75_m,class_rank_difference,class_difference_abs
E:\进行时\美丽海湾\数据样本\GF2原始数据\GF2_PMS1_E117.5_N38.5_20171005_L1A0002652084.tar.gz,117.5,38.5,2017/10/5,GF2_PMS1_E117.5_N38.5_20171005_L1A0002652084-MSS1.xml,centertime,2017/10/5 11:35,2017/10/5 11:35,35:37.5,corner_average_longitude,117.516,corner_average_latitude,38.481875,xml_corner_average,ok,,2017/10/5 11:35,2017/10/5 3:35,8,FES2022_extrapolated,linear,117.516,38.481875,scene_center,0.0,-0.793629948,低潮,中低潮,-0.621703989,0.030476945,0.403503917,-1,1
E:\进行时\美丽海湾\数据样本\GF2原始数据\GF2_PMS1_E117.5_N38.7_20210715_L1A0005753982.tar.gz,117.5,38.7,2021/7/15,GF2_PMS1_E117.5_N38.7_20210715_L1A0005753982-MSS1.xml,centertime,2021/7/15 10:48,2021/7/15 10:48,48:24.5,corner_average_longitude,117.4845,corner_average_latitude,38.656475,xml_corner_average,ok,,2021/7/15 10:48,2021/7/15 2:48,8,FES2022_extrapolated,linear,117.4845,38.656475,scene_center,0.0,-0.710419307,低潮,中低潮,-0.621703989,0.030476945,0.403503917,-1,1
E:\进行时\美丽海湾\数据样本\GF2原始数据\GF2_PMS1_E117.6_N38.5_20190311_L1A0003876190.tar.gz,117.6,38.5,2019/3/11,GF2_PMS1_E117.6_N38.5_20190311_L1A0003876190-MSS1.xml,centertime,2019/3/11 11:27,2019/3/11 11:27,27:08.5,corner_average_longitude,117.59175,corner_average_latitude,38.479325,xml_corner_average,ok,,2019/3/11 11:27,2019/3/11 3:27,8,FES2022_extrapolated,linear,117.59175,38.479325,scene_center,0.0,-0.754251472,低潮,中低潮,-0.621703989,0.030476945,0.403503917,-1,1
E:\进行时\美丽海湾\数据样本\GF2原始数据\GF2_PMS1_E117.6_N38.5_20211101_L1A0006004295.tar.gz,117.6,38.5,2021/11/1,GF2_PMS1_E117.6_N38.5_20211101_L1A0006004295-MSS1.xml,centertime,2021/11/1 10:53,2021/11/1 10:53,53:19.5,corner_average_longitude,117.63225,corner_average_latitude,38.4801,xml_corner_average,ok,,2021/11/1 10:53,2021/11/1 2:53,8,FES2022_extrapolated,linear,117.63225,38.4801,scene_center,0.0,0.408154325,高潮,中高潮,-0.621703989,0.030476945,0.403503917,1,1
E:\进行时\美丽海湾\数据样本\GF2原始数据\GF2_PMS1_E117.6_N38.7_20171005_L1A0002652081.tar.gz,117.6,38.7,2017/10/5,GF2_PMS1_E117.6_N38.7_20171005_L1A0002652081-MSS1.xml,centertime,2017/10/5 11:35,2017/10/5 11:35,35:34.5,corner_average_longitude,117.57225,corner_average_latitude,38.6595,xml_corner_average,ok,,2017/10/5 11:35,2017/10/5 3:35,8,FES2022_extrapolated,linear,117.57225,38.6595,scene_center,0.0,-0.774319559,低潮,中低潮,-0.621703989,0.030476945,0.403503917,-1,1
E:\进行时\美丽海湾\数据样本\GF2原始数据\GF2_PMS1_E117.6_N38.8_20210715_L1A0005753980.tar.gz,117.6,38.8,2021/7/15,GF2_PMS1_E117.6_N38.8_20210715_L1A0005753980-MSS1.xml,centertime,2021/7/15 10:48,2021/7/15 10:48,48:21.5,corner_average_longitude,117.5285,corner_average_latitude,38.834025,xml_corner_average,ok,,2021/7/15 10:48,2021/7/15 2:48,8,FES2022_extrapolated,nearest_valid_grid,117.5,38.83333333,nearest_valid_fes_grid,2.469798707,-0.789433525,低潮,中低潮,-0.621703989,0.030476945,0.403503917,-1,1
E:\进行时\美丽海湾\数据样本\GF2原始数据\GF2_PMS1_E117.7_N38.7_20190311_L1A0003876188 (1).tar.gz,117.7,38.7,2019/3/11,GF2_PMS1_E117.7_N38.7_20190311_L1A0003876188-MSS1.xml,centertime,2019/3/11 11:27,2019/3/11 11:27,27:05.5,corner_average_longitude,117.64375,corner_average_latitude,38.65685,xml_corner_average,ok,,2019/3/11 11:27,2019/3/11 3:27,8,FES2022_extrapolated,linear,117.64375,38.65685,scene_center,0.0,-0.783007005,低潮,中低潮,-0.621703989,0.030476945,0.403503917,-1,1
E:\进行时\美丽海湾\数据样本\GF2原始数据\GF2_PMS1_E117.7_N38.7_20190311_L1A0003876188.tar.gz,117.7,38.7,2019/3/11,GF2_PMS1_E117.7_N38.7_20190311_L1A0003876188-MSS1.xml,centertime,2019/3/11 11:27,2019/3/11 11:27,27:05.5,corner_average_longitude,117.64375,corner_average_latitude,38.65685,xml_corner_average,ok,,2019/3/11 11:27,2019/3/11 3:27,8,FES2022_extrapolated,linear,117.64375,38.65685,scene_center,0.0,-0.783007005,低潮,中低潮,-0.621703989,0.030476945,0.403503917,-1,1
E:\进行时\美丽海湾\数据样本\GF2原始数据\GF2_PMS1_E117.7_N38.7_20211101_L1A0006004304.tar.gz,117.7,38.7,2021/11/1,GF2_PMS1_E117.7_N38.7_20211101_L1A0006004304-MSS1.xml,centertime,2021/11/1 10:53,2021/11/1 10:53,53:16.5,corner_average_longitude,117.68375,corner_average_latitude,38.657575,xml_corner_average,ok,,2021/11/1 10:53,2021/11/1 2:53,8,FES2022_extrapolated,linear,117.68375,38.657575,scene_center,0.0,0.477132759,高潮,中高潮,-0.621703989,0.030476945,0.403503917,1,1
E:\进行时\美丽海湾\数据样本\GF2原始数据\GF2_PMS1_E117.7_N38.8_20190311_L1A0003876177 (1).tar.gz,117.7,38.8,2019/3/11,GF2_PMS1_E117.7_N38.8_20190311_L1A0003876177-MSS1.xml,centertime,2019/3/11 11:27,2019/3/11 11:27,27:02.5,corner_average_longitude,117.69575,corner_average_latitude,38.8343,xml_corner_average,ok,,2019/3/11 11:27,2019/3/11 3:27,8,FES2022_extrapolated,linear,117.69575,38.8343,scene_center,0.0,-0.87738105,低潮,中低潮,-0.621703989,0.030476945,0.403503917,-1,1
E:\进行时\美丽海湾\数据样本\GF2原始数据\GF2_PMS1_E117.7_N38.8_20190311_L1A0003876177.tar.gz,117.7,38.8,2019/3/11,GF2_PMS1_E117.7_N38.8_20190311_L1A0003876177-MSS1.xml,centertime,2019/3/11 11:27,2019/3/11 11:27,27:02.5,corner_average_longitude,117.69575,corner_average_latitude,38.8343,xml_corner_average,ok,,2019/3/11 11:27,2019/3/11 3:27,8,FES2022_extrapolated,linear,117.69575,38.8343,scene_center,0.0,-0.87738105,低潮,中低潮,-0.621703989,0.030476945,0.403503917,-1,1
E:\进行时\美丽海湾\数据样本\GF2原始数据\GF2_PMS1_E117.7_N38.8_20211101_L1A0006004303.tar.gz,117.7,38.8,2021/11/1,GF2_PMS1_E117.7_N38.8_20211101_L1A0006004303-MSS1.xml,centertime,2021/11/1 10:53,2021/11/1 10:53,2021/11/1 10:53,corner_average_longitude,117.73525,corner_average_latitude,38.835025,xml_corner_average,ok,,2021/11/1 10:53,2021/11/1 2:53,8,FES2022_extrapolated,linear,117.73525,38.835025,scene_center,0.0,0.557058226,高潮,中高潮,-0.621703989,0.030476945,0.403503917,1,1
E:\进行时\美丽海湾\数据样本\GF2原始数据\GF2_PMS1_E117.7_N39.0_20230227_L1A0007135283.tar.gz,117.7,39.0,2023/2/27,GF2_PMS1_E117.7_N39.0_20230227_L1A0007135283-MSS1.xml,centertime,2023/2/27 10:18,2023/2/27 10:18,18:41.5,corner_average_longitude,117.652999,corner_average_latitude,39.016809,xml_corner_average,ok,,2023/2/27 10:18,2023/2/27 2:18,8,FES2022_extrapolated,linear,117.652999,39.016809,scene_center,0.0,0.527857726,高潮,中高潮,-0.621703989,0.030476945,0.403503917,1,1
E:\进行时\美丽海湾\数据样本\GF2原始数据\GF2_PMS1_E117.7_N39.0_20250117_L1A14390542001.tar.gz,117.7,39.0,2025/1/17,GF2_PMS1_E117.7_N39.0_20250117_L1A14390542001-MSS1.xml,centertime,2025/1/17 9:47,2025/1/17 9:47,47:12.5,centerlongitude,117.707845,centerlatitude,39.017334,xml_center,ok,,2025/1/17 9:47,2025/1/17 1:47,8,FES2022_extrapolated,linear,117.707845,39.017334,scene_center,0.0,0.000336966,中低潮,中高潮,-0.621703989,0.030476945,0.403503917,-1,1
E:\进行时\美丽海湾\数据样本\GF2原始数据\GF2_PMS1_E117.8_N39.0_20190311_L1A0003876198.tar.gz,117.8,39.0,2019/3/11,GF2_PMS1_E117.8_N39.0_20190311_L1A0003876198-MSS1.xml,centertime,2019/3/11 11:27,2019/3/11 11:27,26:59.5,corner_average_longitude,117.74825,corner_average_latitude,39.0118,xml_corner_average,ok,,2019/3/11 11:27,2019/3/11 3:27,8,FES2022_extrapolated,linear,117.74825,39.0118,scene_center,0.0,-0.891516346,低潮,中低潮,-0.621703989,0.030476945,0.403503917,-1,1
E:\进行时\美丽海湾\数据样本\GF2原始数据\GF2_PMS1_E117.8_N39.0_20211101_L1A0006004302.tar.gz,117.8,39.0,2021/11/1,GF2_PMS1_E117.8_N39.0_20211101_L1A0006004302-MSS1.xml,centertime,2021/11/1 10:53,2021/11/1 10:53,2021/11/1 10:53,corner_average_longitude,117.787,corner_average_latitude,39.012575,xml_corner_average,ok,,2021/11/1 10:53,2021/11/1 2:53,8,FES2022_extrapolated,linear,117.787,39.012575,scene_center,0.0,0.565953828,高潮,中高潮,-0.621703989,0.030476945,0.403503917,1,1
E:\进行时\美丽海湾\数据样本\GF2原始数据\GF2_PMS1_E117.8_N39.0_20221215_L1A0006990113.tar.gz,117.8,39.0,2022/12/15,GF2_PMS1_E117.8_N39.0_20221215_L1A0006990113-MSS1.xml,centertime,2022/12/15 10:24,2022/12/15 10:24,24:16.5,corner_average_longitude,117.8337618,corner_average_latitude,39.016661,xml_corner_average,ok,,2022/12/15 10:24,2022/12/15 2:24,8,FES2022_extrapolated,linear,117.8337618,39.016661,scene_center,0.0,0.524598475,高潮,中高潮,-0.621703989,0.030476945,0.403503917,1,1
E:\进行时\美丽海湾\数据样本\GF2原始数据\GF2_PMS1_E117.8_N39.2_20190311_L1A0003876183.tar.gz,117.8,39.2,2019/3/11,GF2_PMS1_E117.8_N39.2_20190311_L1A0003876183-MSS1.xml,centertime,2019/3/11 11:26,2019/3/11 11:26,2019/3/11 11:26,corner_average_longitude,117.80075,corner_average_latitude,39.189225,xml_corner_average,ok,,2019/3/11 11:26,2019/3/11 3:26,8,FES2022_extrapolated,nearest_valid_grid,117.7666667,39.2,nearest_valid_fes_grid,3.172155881,-0.922664921,低潮,中低潮,-0.621703989,0.030476945,0.403503917,-1,1
E:\进行时\美丽海湾\数据样本\GF2原始数据\GF2_PMS1_E117.9_N38.3_20211022_L1A0005977303.tar.gz,117.9,38.3,2021/10/22,GF2_PMS1_E117.9_N38.3_20211022_L1A0005977303-MSS1.xml,centertime,2021/10/22 10:51,2021/10/22 10:51,51:01.5,corner_average_longitude,117.9255,corner_average_latitude,38.302175,xml_corner_average,ok,,2021/10/22 10:51,2021/10/22 2:51,8,FES2022_extrapolated,linear,117.9255,38.302175,scene_center,0.0,-0.766171326,低潮,中低潮,-0.621703989,0.030476945,0.403503917,-1,1
E:\进行时\美丽海湾\数据样本\GF2原始数据\GF2_PMS1_E117.9_N39.2_20211101_L1A0006004301.tar.gz,117.9,39.2,2021/11/1,GF2_PMS1_E117.9_N39.2_20211101_L1A0006004301-MSS1.xml,centertime,2021/11/1 10:53,2021/11/1 10:53,2021/11/1 10:53,corner_average_longitude,117.83925,corner_average_latitude,39.189975,xml_corner_average,ok,,2021/11/1 10:53,2021/11/1 2:53,8,FES2022_extrapolated,nearest_valid_grid,117.8333333,39.16666667,nearest_valid_fes_grid,2.641472798,0.594059197,高潮,中高潮,-0.621703989,0.030476945,0.403503917,1,1
E:\进行时\美丽海湾\数据样本\GF2原始数据\GF2_PMS1_E117.9_N39.2_20221215_L1A0006990136.tar.gz,117.9,39.2,2022/12/15,GF2_PMS1_E117.9_N39.2_20221215_L1A0006990136-MSS1.xml,centertime,2022/12/15 10:24,2022/12/15 10:24,24:13.5,corner_average_longitude,117.8854618,corner_average_latitude,39.19412975,xml_corner_average,ok,,2022/12/15 10:24,2022/12/15 2:24,8,FES2022_extrapolated,nearest,117.8854618,39.19412975,scene_center,0.0,0.488567862,高潮,中高潮,-0.621703989,0.030476945,0.403503917,1,1
E:\进行时\美丽海湾\数据样本\GF2原始数据\GF2_PMS1_E118.0_N38.3_20170210_L1A0002178201.tar.gz,118.0,38.3,2017/2/10,GF2_PMS1_E118.0_N38.3_20170210_L1A0002178201-MSS1.xml,centertime,2017/2/10 11:24,2017/2/10 11:24,24:02.5,corner_average_longitude,117.99925,corner_average_latitude,38.3019,xml_corner_average,ok,,2017/2/10 11:24,2017/2/10 3:24,8,FES2022_extrapolated,linear,117.99925,38.3019,scene_center,0.0,0.02058049,中低潮,中高潮,-0.621703989,0.030476945,0.403503917,-1,1
E:\进行时\美丽海湾\数据样本\GF2原始数据\GF2_PMS1_E118.0_N38.3_20180929_L1A0003486488.tar.gz,118.0,38.3,2018/9/29,GF2_PMS1_E118.0_N38.3_20180929_L1A0003486488-MSS1.xml,centertime,2018/9/29 11:22,2018/9/29 11:22,22:04.5,corner_average_longitude,117.948,corner_average_latitude,38.30175,xml_corner_average,ok,,2018/9/29 11:22,2018/9/29 3:22,8,FES2022_extrapolated,linear,117.948,38.30175,scene_center,0.0,-0.661174665,低潮,中低潮,-0.621703989,0.030476945,0.403503917,-1,1
E:\进行时\美丽海湾\数据样本\GF2原始数据\GF2_PMS1_E118.0_N39.2_20160405_L1A0001506102.tar.gz,118.0,39.2,2016/4/5,GF2_PMS1_E118.0_N39.2_20160405_L1A0001506102-MSS1.xml,centertime,2016/4/5 11:06,2016/4/5 11:06,2016/4/5 11:06,corner_average_longitude,117.95525,corner_average_latitude,39.189425,xml_corner_average,ok,,2016/4/5 11:06,2016/4/5 3:06,8,FES2022_extrapolated,linear,117.95525,39.189425,scene_center,0.0,0.443131701,高潮,中高潮,-0.621703989,0.030476945,0.403503917,1,1
E:\进行时\美丽海湾\数据样本\GF2原始数据\GF2_PMS1_E118.0_N39.2_20240416_L1A13786879001.tar.gz,118.0,39.2,2024/4/16,GF2_PMS1_E118.0_N39.2_20240416_L1A13786879001-MSS1.xml,centertime,2024/4/16 9:35,2024/4/16 9:35,2024/4/16 9:35,centerlongitude,117.994392,centerlatitude,39.193396,xml_center,ok,,2024/4/16 9:35,2024/4/16 1:35,8,FES2022_extrapolated,linear,117.994392,39.193396,scene_center,0.0,0.530657827,高潮,中高潮,-0.621703989,0.030476945,0.403503917,1,1
E:\进行时\美丽海湾\数据样本\GF2原始数据\GF2_PMS1_E118.1_N38.3_20221012_L1A0006877566.tar.gz,118.1,38.3,2022/10/12,GF2_PMS1_E118.1_N38.3_20221012_L1A0006877566-MSS1.xml,centertime,2022/10/12 10:30,2022/10/12 10:30,30:23.5,corner_average_longitude,118.0825,corner_average_latitude,38.303375,xml_corner_average,ok,,2022/10/12 10:30,2022/10/12 2:30,8,FES2022_extrapolated,linear,118.0825,38.303375,scene_center,0.0,-0.683396673,低潮,中低潮,-0.621703989,0.030476945,0.403503917,-1,1
E:\进行时\美丽海湾\数据样本\GF2原始数据\GF2_PMS1_E118.1_N39.0_20211022_L1A0005977300.tar.gz,118.1,39.0,2021/10/22,GF2_PMS1_E118.1_N39.0_20211022_L1A0005977300-MSS1.xml,centertime,2021/10/22 10:50,2021/10/22 10:50,2021/10/22 10:50,corner_average_longitude,118.12775,corner_average_latitude,39.012125,xml_corner_average,ok,,2021/10/22 10:50,2021/10/22 2:50,8,FES2022_extrapolated,linear,118.12775,39.012125,scene_center,0.0,-0.711211273,低潮,中低潮,-0.621703989,0.030476945,0.403503917,-1,1
E:\进行时\美丽海湾\数据样本\GF2原始数据\GF2_PMS1_E118.1_N39.2_20210601_L1A0005676729.tar.gz,118.1,39.2,2021/6/1,GF2_PMS1_E118.1_N39.2_20210601_L1A0005676729-MSS1.xml,centertime,2021/6/1 10:57,2021/6/1 10:57,2021/6/1 10:57,corner_average_longitude,118.11675,corner_average_latitude,39.18815,xml_corner_average,ok,,2021/6/1 10:57,2021/6/1 2:57,8,FES2022_extrapolated,linear,118.11675,39.18815,scene_center,0.0,-0.884130536,低潮,中低潮,-0.621703989,0.030476945,0.403503917,-1,1
E:\进行时\美丽海湾\数据样本\GF2原始数据\GF2_PMS1_E118.2_N39.0_20190821_L1A0004193971.tar.gz,118.2,39.0,2019/8/21,GF2_PMS1_E118.2_N39.0_20190821_L1A0004193971-MSS1.xml,centertime,2019/8/21 11:31,2019/8/21 11:31,31:00.5,corner_average_longitude,118.225,corner_average_latitude,39.016325,xml_corner_average,ok,,2019/8/21 11:31,2019/8/21 3:31,8,FES2022_extrapolated,linear,118.225,39.016325,scene_center,0.0,-0.828579288,低潮,中低潮,-0.621703989,0.030476945,0.403503917,-1,1
E:\进行时\美丽海湾\数据样本\GF2原始数据\GF2_PMS1_E118.2_N39.0_20190929_L1A0004274864.tar.gz,118.2,39.0,2019/9/29,GF2_PMS1_E118.2_N39.0_20190929_L1A0004274864-MSS1.xml,centertime,2019/9/29 11:21,2019/9/29 11:21,2019/9/29 11:21,corner_average_longitude,118.18625,corner_average_latitude,39.0124,xml_corner_average,ok,,2019/9/29 11:21,2019/9/29 3:21,8,FES2022_extrapolated,linear,118.18625,39.0124,scene_center,0.0,-0.694795101,低潮,中低潮,-0.621703989,0.030476945,0.403503917,-1,1
E:\进行时\美丽海湾\数据样本\GF2原始数据\GF2_PMS1_E118.2_N39.0_20200423_L1A0005540188.tar.gz,118.2,39.0,2020/4/23,GF2_PMS1_E118.2_N39.0_20200423_L1A0005540188-MSS1.xml,centertime,2020/4/23 11:16,2020/4/23 11:16,2020/4/23 11:16,corner_average_longitude,118.18575,corner_average_latitude,39.012075,xml_corner_average,ok,,2020/4/23 11:16,2020/4/23 3:16,8,FES2022_extrapolated,linear,118.18575,39.012075,scene_center,0.0,-0.722342482,低潮,中低潮,-0.621703989,0.030476945,0.403503917,-1,1
E:\进行时\美丽海湾\数据样本\GF2原始数据\GF2_PMS1_E118.2_N39.2_20211022_L1A0005977292.tar.gz,118.2,39.2,2021/10/22,GF2_PMS1_E118.2_N39.2_20211022_L1A0005977292-MSS1.xml,centertime,2021/10/22 10:50,2021/10/22 10:50,50:47.5,corner_average_longitude,118.17875,corner_average_latitude,39.189575,xml_corner_average,ok,,2021/10/22 10:50,2021/10/22 2:50,8,FES2022_extrapolated,nearest_valid_grid,118.1666667,39.16666667,nearest_valid_fes_grid,2.752003437,-0.785772651,低潮,中低潮,-0.621703989,0.030476945,0.403503917,-1,1
E:\进行时\美丽海湾\数据样本\GF2原始数据\GF2_PMS1_E118.3_N39.0_20171029_L1A0002722864.tar.gz,118.3,39.0,2017/10/29,GF2_PMS1_E118.3_N39.0_20171029_L1A0002722864-MSS1.xml,centertime,2017/10/29 11:23,2017/10/29 11:23,23:18.5,corner_average_longitude,118.28675,corner_average_latitude,39.011525,xml_corner_average,ok,,2017/10/29 11:23,2017/10/29 3:23,8,FES2022_extrapolated,linear,118.28675,39.011525,scene_center,0.0,0.530995966,高潮,中高潮,-0.621703989,0.030476945,0.403503917,1,1
E:\进行时\美丽海湾\数据样本\GF2原始数据\GF2_PMS1_E118.3_N39.2_20190821_L1A0004193969.tar.gz,118.3,39.2,2019/8/21,GF2_PMS1_E118.3_N39.2_20190821_L1A0004193969-MSS1.xml,centertime,2019/8/21 11:30,2019/8/21 11:30,30:57.5,corner_average_longitude,118.28375,corner_average_latitude,39.193825,xml_corner_average,ok,,2019/8/21 11:30,2019/8/21 3:30,8,FES2022_extrapolated,nearest,118.28375,39.193825,scene_center,0.0,-0.854686597,低潮,中低潮,-0.621703989,0.030476945,0.403503917,-1,1
E:\进行时\美丽海湾\数据样本\GF2原始数据\GF2_PMS1_E118.3_N39.2_20190929_L1A0004274867.tar.gz,118.3,39.2,2019/9/29,GF2_PMS1_E118.3_N39.2_20190929_L1A0004274867-MSS1.xml,centertime,2019/9/29 11:21,2019/9/29 11:21,21:33.5,corner_average_longitude,118.23875,corner_average_latitude,39.1899,xml_corner_average,ok,,2019/9/29 11:21,2019/9/29 3:21,8,FES2022_extrapolated,nearest_valid_grid,118.3,39.2,nearest_valid_fes_grid,5.396448856,-0.791528854,低潮,中低潮,-0.621703989,0.030476945,0.403503917,-1,1
E:\进行时\美丽海湾\数据样本\GF2原始数据\GF2_PMS1_E118.3_N39.2_20200423_L1A0005540202.tar.gz,118.3,39.2,2020/4/23,GF2_PMS1_E118.3_N39.2_20200423_L1A0005540202-MSS1.xml,centertime,2020/4/23 11:16,2020/4/23 11:16,2020/4/23 11:16,corner_average_longitude,118.23825,corner_average_latitude,39.1895,xml_corner_average,ok,,2020/4/23 11:16,2020/4/23 3:16,8,FES2022_extrapolated,nearest_valid_grid,118.3,39.2,nearest_valid_fes_grid,5.447974252,-0.739760999,低潮,中低潮,-0.621703989,0.030476945,0.403503917,-1,1
E:\进行时\美丽海湾\数据样本\GF2原始数据\GF2_PMS1_E118.4_N39.0_20180205_L1A0002983294.tar.gz,118.4,39.0,2018/2/5,GF2_PMS1_E118.4_N39.0_20180205_L1A0002983294-MSS1.xml,centertime,2018/2/5 11:32,2018/2/5 11:32,2018/2/5 11:32,corner_average_longitude,118.39925,corner_average_latitude,39.014325,xml_corner_average,ok,,2018/2/5 11:32,2018/2/5 3:32,8,FES2022_extrapolated,linear,118.39925,39.014325,scene_center,0.0,-0.623649775,低潮,中低潮,-0.621703989,0.030476945,0.403503917,-1,1
E:\进行时\美丽海湾\数据样本\GF2原始数据\GF2_PMS1_E118.5_N39.0_20250107_L1A14367458001.tar.gz,118.5,39.0,2025/1/7,GF2_PMS1_E118.5_N39.0_20250107_L1A14367458001-MSS1.xml,centertime,2025/1/7 9:43,2025/1/7 9:43,43:21.5,centerlongitude,118.457858,centerlatitude,39.017255,xml_center,ok,,2025/1/7 9:43,2025/1/7 1:43,8,FES2022_extrapolated,linear,118.457858,39.017255,scene_center,0.0,0.565658539,高潮,中高潮,-0.621703989,0.030476945,0.403503917,1,1
E:\进行时\美丽海湾\数据样本\GF2原始数据\GF2_PMS1_E118.5_N39.0_20250317_L1A14514098001.tar.gz,118.5,39.0,2025/3/17,GF2_PMS1_E118.5_N39.0_20250317_L1A14514098001-MSS1.xml,centertime,2025/3/17 9:48,2025/3/17 9:48,48:56.5,centerlongitude,118.499167,centerlatitude,39.017087,xml_center,ok,,2025/3/17 9:48,2025/3/17 1:48,8,FES2022_extrapolated,linear,118.499167,39.017087,scene_center,0.0,-0.75051729,低潮,中低潮,-0.621703989,0.030476945,0.403503917,-1,1
E:\进行时\美丽海湾\数据样本\GF2原始数据\GF2_PMS1_E118.5_N39.2_20210527_L1A0005668354.tar.gz,118.5,39.2,2021/5/27,GF2_PMS1_E118.5_N39.2_20210527_L1A0005668354-MSS1.xml,centertime,2021/5/27 10:55,2021/5/27 10:55,55:52.5,corner_average_longitude,118.487,corner_average_latitude,39.188175,xml_corner_average,ok,,2021/5/27 10:55,2021/5/27 2:55,8,FES2022_extrapolated,nearest_valid_grid,118.4666667,39.2,nearest_valid_fes_grid,2.190746017,-0.901347839,低潮,中低潮,-0.621703989,0.030476945,0.403503917,-1,1
E:\进行时\美丽海湾\数据样本\GF2原始数据\GF2_PMS1_E118.5_N39.2_20250107_L1A14367457001.tar.gz,118.5,39.2,2025/1/7,GF2_PMS1_E118.5_N39.2_20250107_L1A14367457001-MSS1.xml,centertime,2025/1/7 9:43,2025/1/7 9:43,43:18.5,centerlongitude,118.511461,centerlatitude,39.194729,xml_center,ok,,2025/1/7 9:43,2025/1/7 1:43,8,FES2022_extrapolated,nearest_valid_grid,118.4666667,39.2,nearest_valid_fes_grid,3.904316654,0.518831281,高潮,中高潮,-0.621703989,0.030476945,0.403503917,1,1
E:\进行时\美丽海湾\数据样本\GF2原始数据\GF2_PMS1_E118.6_N39.2_20250317_L1A14514097001.tar.gz,118.6,39.2,2025/3/17,GF2_PMS1_E118.6_N39.2_20250317_L1A14514097001-MSS1.xml,centertime,2025/3/17 9:48,2025/3/17 9:48,48:53.5,centerlongitude,118.552671,centerlatitude,39.194591,xml_center,ok,,2025/3/17 9:48,2025/3/17 1:48,8,FES2022_extrapolated,nearest_valid_grid,118.5666667,39.23333333,nearest_valid_fes_grid,4.473518348,-0.719243597,低潮,中低潮,-0.621703989,0.030476945,0.403503917,-1,1
E:\进行时\美丽海湾\数据样本\GF2原始数据\GF2_PMS1_E118.7_N39.2_20161123_L1A0001983162.tar.gz,118.7,39.2,2016/11/23,GF2_PMS1_E118.7_N39.2_20161123_L1A0001983162-MSS1.xml,centertime,2016/11/23 11:19,2016/11/23 11:19,2016/11/23 11:19,corner_average_longitude,118.65225,corner_average_latitude,39.1889,xml_corner_average,ok,,2016/11/23 11:19,2016/11/23 3:19,8,FES2022_extrapolated,nearest_valid_grid,118.6333333,39.16666667,nearest_valid_fes_grid,2.961536542,0.458438561,高潮,中高潮,-0.621703989,0.030476945,0.403503917,1,1
E:\进行时\美丽海湾\数据样本\GF2原始数据\GF2_PMS1_E118.8_N39.0_20180702_L1A0003297126.tar.gz,118.8,39.0,2018/7/2,GF2_PMS1_E118.8_N39.0_20180702_L1A0003297126-MSS1.xml,centertime,2018/7/2 11:15,2018/7/2 11:15,15:24.5,corner_average_longitude,118.72725,corner_average_latitude,39.012,xml_corner_average,ok,,2018/7/2 11:15,2018/7/2 3:15,8,FES2022_extrapolated,linear,118.72725,39.012,scene_center,0.0,-0.960261096,低潮,中低潮,-0.621703989,0.030476945,0.403503917,-1,1
E:\进行时\美丽海湾\数据样本\GF2原始数据\GF2_PMS1_E118.9_N39.2_20240123_L1A13624925001.tar.gz,118.9,39.2,2024/1/23,GF2_PMS1_E118.9_N39.2_20240123_L1A13624925001-MSS1.xml,centertime,2024/1/23 9:41,2024/1/23 9:41,41:16.5,centerlongitude,118.875709,centerlatitude,39.192458,xml_center,ok,,2024/1/23 9:41,2024/1/23 1:41,8,FES2022_extrapolated,nearest_valid_grid,118.9,39.2,nearest_valid_fes_grid,2.255011623,0.449566319,高潮,中高潮,-0.621703989,0.030476945,0.403503917,1,1
E:\进行时\美丽海湾\数据样本\GF2原始数据\GF2_PMS1_E119.2_N39.4_20250515_L1A14636698001.tar.gz,119.2,39.4,2025/5/15,GF2_PMS1_E119.2_N39.4_20250515_L1A14636698001-MSS1.xml,centertime,2025/5/15 9:51,2025/5/15 9:51,2025/5/15 9:51,centerlongitude,119.199222,centerlatitude,39.371584,xml_center,ok,,2025/5/15 9:51,2025/5/15 1:51,8,FES2022_extrapolated,linear,119.199222,39.371584,scene_center,0.0,-0.62327724,低潮,中低潮,-0.621703989,0.030476945,0.403503917,-1,1
E:\进行时\美丽海湾\数据样本\GF2原始数据\GF2_PMS1_E119.3_N39.4_20220507_L1A0006454496.tar.gz,119.3,39.4,2022/5/7,GF2_PMS1_E119.3_N39.4_20220507_L1A0006454496-MSS1.xml,centertime,2022/5/7 10:35,2022/5/7 10:35,35:41.5,corner_average_longitude,119.25575,corner_average_latitude,39.415875,xml_corner_average,ok,,2022/5/7 10:35,2022/5/7 2:35,8,FES2022_extrapolated,linear,119.25575,39.415875,scene_center,0.0,-0.676624105,低潮,中低潮,-0.621703989,0.030476945,0.403503917,-1,1
E:\进行时\美丽海湾\数据样本\GF2原始数据\GF2_PMS1_E119.3_N39.5_20220507_L1A0006454495.tar.gz,119.3,39.5,2022/5/7,GF2_PMS1_E119.3_N39.5_20220507_L1A0006454495-MSS1.xml,centertime,2022/5/7 10:35,2022/5/7 10:35,35:39.5,corner_average_longitude,119.29375,corner_average_latitude,39.5444,xml_corner_average,ok,,2022/5/7 10:35,2022/5/7 2:35,8,FES2022_extrapolated,linear,119.29375,39.5444,scene_center,0.0,-0.639220414,低潮,中低潮,-0.621703989,0.030476945,0.403503917,-1,1
E:\进行时\美丽海湾\数据样本\GF2原始数据\GF2_PMS2_E117.5_N38.4_20250401_L1A14545219001.tar.gz,117.5,38.4,2025/4/1,GF2_PMS2_E117.5_N38.4_20250401_L1A14545219001-MSS2.xml,centertime,2025/4/1 9:54,2025/4/1 9:54,2025/4/1 9:54,centerlongitude,117.495645,centerlatitude,38.438254,xml_center,ok,,2025/4/1 9:54,2025/4/1 1:54,8,FES2022_extrapolated,linear,117.495645,38.438254,scene_center,0.0,-0.933365026,低潮,中低潮,-0.621703989,0.030476945,0.403503917,-1,1
E:\进行时\美丽海湾\数据样本\GF2原始数据\GF2_PMS2_E117.5_N38.6_20250401_L1A14545218001.tar.gz,117.5,38.6,2025/4/1,GF2_PMS2_E117.5_N38.6_20250401_L1A14545218001-MSS2.xml,centertime,2025/4/1 9:54,2025/4/1 9:54,2025/4/1 9:54,centerlongitude,117.549192,centerlatitude,38.615711,xml_center,ok,,2025/4/1 9:54,2025/4/1 1:54,8,FES2022_extrapolated,nearest,117.549192,38.615711,scene_center,0.0,-0.944162669,低潮,中低潮,-0.621703989,0.030476945,0.403503917,-1,1
E:\进行时\美丽海湾\数据样本\GF2原始数据\GF2_PMS2_E117.6_N38.4_20160226_L1A0001435006.tar.gz,117.6,38.4,2016/2/26,GF2_PMS2_E117.6_N38.4_20160226_L1A0001435006-MSS2.xml,centertime,2016/2/26 11:14,2016/2/26 11:14,14:19.5,corner_average_longitude,117.564,corner_average_latitude,38.43545,xml_corner_average,ok,,2016/2/26 11:14,2016/2/26 3:14,8,FES2022_extrapolated,linear,117.564,38.43545,scene_center,0.0,-0.821652846,低潮,中低潮,-0.621703989,0.030476945,0.403503917,-1,1
E:\进行时\美丽海湾\数据样本\GF2原始数据\GF2_PMS2_E117.6_N38.4_20191009_L1A0004299110.tar.gz,117.6,38.4,2019/10/9,GF2_PMS2_E117.6_N38.4_20191009_L1A0004299110-MSS2.xml,centertime,2019/10/9 11:24,2019/10/9 11:24,2019/10/9 11:24,corner_average_longitude,117.59725,corner_average_latitude,38.434375,xml_corner_average,ok,,2019/10/9 11:24,2019/10/9 3:24,8,FES2022_extrapolated,nearest_valid_grid,117.5666667,38.43333333,nearest_valid_fes_grid,2.66638743,0.58216791,高潮,中高潮,-0.621703989,0.030476945,0.403503917,1,1
E:\进行时\美丽海湾\数据样本\GF2原始数据\GF2_PMS2_E117.6_N38.6_20160226_L1A0001435000.tar.gz,117.6,38.6,2016/2/26,GF2_PMS2_E117.6_N38.6_20160226_L1A0001435000-MSS2.xml,centertime,2016/2/26 11:14,2016/2/26 11:14,14:16.5,corner_average_longitude,117.61325,corner_average_latitude,38.61295,xml_corner_average,ok,,2016/2/26 11:14,2016/2/26 3:14,8,FES2022_extrapolated,linear,117.61325,38.61295,scene_center,0.0,-0.840535008,低潮,中低潮,-0.621703989,0.030476945,0.403503917,-1,1
E:\进行时\美丽海湾\数据样本\GF2原始数据\GF2_PMS2_E117.6_N38.8_20180608_L1A0003247916.tar.gz,117.6,38.8,2018/6/8,GF2_PMS2_E117.6_N38.8_20180608_L1A0003247916-MSS2.xml,centertime,2018/6/8 11:27,2018/6/8 11:27,27:58.5,corner_average_longitude,117.6345,corner_average_latitude,38.789275,xml_corner_average,ok,,2018/6/8 11:27,2018/6/8 3:27,8,FES2022_extrapolated,linear,117.6345,38.789275,scene_center,0.0,0.502715988,高潮,中高潮,-0.621703989,0.030476945,0.403503917,1,1
E:\进行时\美丽海湾\数据样本\GF2原始数据\GF2_PMS2_E117.7_N38.6_20191009_L1A0004299096.tar.gz,117.7,38.6,2019/10/9,GF2_PMS2_E117.7_N38.6_20191009_L1A0004299096-MSS2.xml,centertime,2019/10/9 11:24,2019/10/9 11:24,2019/10/9 11:24,corner_average_longitude,117.64975,corner_average_latitude,38.611925,xml_corner_average,ok,,2019/10/9 11:24,2019/10/9 3:24,8,FES2022_extrapolated,linear,117.64975,38.611925,scene_center,0.0,0.587233162,高潮,中高潮,-0.621703989,0.030476945,0.403503917,1,1
E:\进行时\美丽海湾\数据样本\GF2原始数据\GF2_PMS2_E117.7_N38.6_20210408_L1A0005582780.tar.gz,117.7,38.6,2021/4/8,GF2_PMS2_E117.7_N38.6_20210408_L1A0005582780-MSS2.xml,centertime,2021/4/8 11:04,2021/4/8 11:04,04:17.5,corner_average_longitude,117.71025,corner_average_latitude,38.612525,xml_corner_average,ok,,2021/4/8 11:04,2021/4/8 3:04,8,FES2022_extrapolated,linear,117.71025,38.612525,scene_center,0.0,0.574378201,高潮,中高潮,-0.621703989,0.030476945,0.403503917,1,1
E:\进行时\美丽海湾\数据样本\GF2原始数据\GF2_PMS2_E117.7_N38.8_20160226_L1A0001434999.tar.gz,117.7,38.8,2016/2/26,GF2_PMS2_E117.7_N38.8_20160226_L1A0001434999-MSS2.xml,centertime,2016/2/26 11:14,2016/2/26 11:14,14:13.5,corner_average_longitude,117.66275,corner_average_latitude,38.790375,xml_corner_average,ok,,2016/2/26 11:14,2016/2/26 3:14,8,FES2022_extrapolated,linear,117.66275,38.790375,scene_center,0.0,-0.887854882,低潮,中低潮,-0.621703989,0.030476945,0.403503917,-1,1
E:\进行时\美丽海湾\数据样本\GF2原始数据\GF2_PMS2_E117.7_N38.9_20250604_L1A14678877001.tar.gz,117.7,38.9,2025/6/4,GF2_PMS2_E117.7_N38.9_20250604_L1A14678877001-MSS2.xml,centertime,2025/6/4 9:59,2025/6/4 9:59,59:18.5,centerlongitude,117.665794,centerlatitude,38.903967,xml_center,ok,,2025/6/4 9:59,2025/6/4 1:59,8,FES2022_extrapolated,nearest,117.665794,38.903967,scene_center,0.0,0.588310803,高潮,中高潮,-0.621703989,0.030476945,0.403503917,1,1
E:\进行时\美丽海湾\数据样本\GF2原始数据\GF2_PMS2_E117.7_N39.0_20160226_L1A0001435005.tar.gz,117.7,39.0,2016/2/26,GF2_PMS2_E117.7_N39.0_20160226_L1A0001435005-MSS2.xml,centertime,2016/2/26 11:14,2016/2/26 11:14,14:10.5,corner_average_longitude,117.71275,corner_average_latitude,38.967775,xml_corner_average,ok,,2016/2/26 11:14,2016/2/26 3:14,8,FES2022_extrapolated,nearest_valid_grid,117.7333333,38.96666667,nearest_valid_fes_grid,1.783790963,-0.90158356,低潮,中低潮,-0.621703989,0.030476945,0.403503917,-1,1
E:\进行时\美丽海湾\数据样本\GF2原始数据\GF2_PMS2_E117.7_N39.0_20240906_L1A14087403001.tar.gz,117.7,39.0,2024/9/6,GF2_PMS2_E117.7_N39.0_20240906_L1A14087403001-MSS2.xml,centertime,2024/9/6 9:36,2024/9/6 9:36,36:04.5,centerlongitude,117.735931,centerlatitude,38.970508,xml_center,ok,,2024/9/6 9:36,2024/9/6 1:36,8,FES2022_extrapolated,linear,117.735931,38.970508,scene_center,0.0,-0.664613094,低潮,中低潮,-0.621703989,0.030476945,0.403503917,-1,1
E:\进行时\美丽海湾\数据样本\GF2原始数据\GF2_PMS2_E117.7_N39.1_20190316_L1A0003886086.tar.gz,117.7,39.1,2019/3/16,GF2_PMS2_E117.7_N39.1_20190316_L1A0003886086-MSS2.xml,centertime,2019/3/16 11:28,2019/3/16 11:28,2019/3/16 11:28,corner_average_longitude,117.71725,corner_average_latitude,39.143675,xml_corner_average,ok,,2019/3/16 11:28,2019/3/16 3:28,8,FES2022_extrapolated,nearest,117.71725,39.143675,scene_center,0.0,0.597858147,高潮,中高潮,-0.621703989,0.030476945,0.403503917,1,1
E:\进行时\美丽海湾\数据样本\GF2原始数据\GF2_PMS2_E117.7_N39.1_20250604_L1A14678522001.tar.gz,117.7,39.1,2025/6/4,GF2_PMS2_E117.7_N39.1_20250604_L1A14678522001-MSS2.xml,centertime,2025/6/4 9:59,2025/6/4 9:59,59:15.5,centerlongitude,117.740026,centerlatitude,39.147585,xml_center,ok,,2025/6/4 9:59,2025/6/4 1:59,8,FES2022_extrapolated,linear,117.740026,39.147585,scene_center,0.0,0.544937207,高潮,中高潮,-0.621703989,0.030476945,0.403503917,1,1
E:\进行时\美丽海湾\数据样本\GF2原始数据\GF2_PMS2_E117.8_N38.4_20171005_L1A0002652172.tar.gz,117.8,38.4,2017/10/5,GF2_PMS2_E117.8_N38.4_20171005_L1A0002652172-MSS2.xml,centertime,2017/10/5 11:35,2017/10/5 11:35,35:37.5,corner_average_longitude,117.77475,corner_average_latitude,38.431375,xml_corner_average,ok,,2017/10/5 11:35,2017/10/5 3:35,8,FES2022_extrapolated,linear,117.77475,38.431375,scene_center,0.0,-0.794539968,低潮,中低潮,-0.621703989,0.030476945,0.403503917,-1,1
E:\进行时\美丽海湾\数据样本\GF2原始数据\GF2_PMS2_E117.8_N38.4_20190311_L1A0003876368.tar.gz,117.8,38.4,2019/3/11,GF2_PMS2_E117.8_N38.4_20190311_L1A0003876368-MSS2.xml,centertime,2019/3/11 11:27,2019/3/11 11:27,27:08.5,corner_average_longitude,117.842,corner_average_latitude,38.433975,xml_corner_average,ok,,2019/3/11 11:27,2019/3/11 3:27,8,FES2022_extrapolated,linear,117.842,38.433975,scene_center,0.0,-0.731913691,低潮,中低潮,-0.621703989,0.030476945,0.403503917,-1,1
E:\进行时\美丽海湾\数据样本\GF2原始数据\GF2_PMS2_E117.8_N38.6_20150426_L1A0000772704.tar.gz,117.8,38.6,2015/4/26,GF2_PMS2_E117.8_N38.6_20150426_L1A0000772704-MSS2.xml,centertime,2015/4/26 10:55,2015/4/26 10:55,2015/4/26 10:55,corner_average_longitude,117.7035,corner_average_latitude,38.484,xml_corner_average,ok,,2015/4/26 10:55,2015/4/26 2:55,8,FES2022_extrapolated,linear,117.7035,38.484,scene_center,0.0,0.411616372,高潮,中高潮,-0.621703989,0.030476945,0.403503917,1,1
E:\进行时\美丽海湾\数据样本\GF2原始数据\GF2_PMS2_E117.8_N39.1_20160226_L1A0001435050.tar.gz,117.8,39.1,2016/2/26,GF2_PMS2_E117.8_N39.1_20160226_L1A0001435050-MSS2.xml,centertime,2016/2/26 11:14,2016/2/26 11:14,14:07.5,corner_average_longitude,117.76225,corner_average_latitude,39.1452,xml_corner_average,ok,,2016/2/26 11:14,2016/2/26 3:14,8,FES2022_extrapolated,linear,117.76225,39.1452,scene_center,0.0,-0.927675649,低潮,中低潮,-0.621703989,0.030476945,0.403503917,-1,1
E:\进行时\美丽海湾\数据样本\GF2原始数据\GF2_PMS2_E117.8_N39.1_20240906_L1A14087402001.tar.gz,117.8,39.1,2024/9/6,GF2_PMS2_E117.8_N39.1_20240906_L1A14087402001-MSS2.xml,centertime,2024/9/6 9:36,2024/9/6 9:36,36:01.5,centerlongitude,117.790144,centerlatitude,39.147877,xml_center,ok,,2024/9/6 9:36,2024/9/6 1:36,8,FES2022_extrapolated,nearest,117.790144,39.147877,scene_center,0.0,-0.712676683,低潮,中低潮,-0.621703989,0.030476945,0.403503917,-1,1
E:\进行时\美丽海湾\数据样本\GF2原始数据\GF2_PMS2_E117.9_N38.3_20200428_L1A0004771554.tar.gz,117.9,38.3,2020/4/28,GF2_PMS2_E117.9_N38.3_20200428_L1A0004771554-MSS2.xml,centertime,2020/4/28 11:17,2020/4/28 11:17,17:28.5,corner_average_longitude,117.867,corner_average_latitude,38.259225,xml_corner_average,ok,,2020/4/28 11:17,2020/4/28 3:17,8,FES2022_extrapolated,nearest,117.867,38.259225,scene_center,0.0,-0.843053925,低潮,中低潮,-0.621703989,0.030476945,0.403503917,-1,1
E:\进行时\美丽海湾\数据样本\GF2原始数据\GF2_PMS2_E117.9_N38.3_20200428_L1A0005156042.tar.gz,117.9,38.3,2020/4/28,GF2_PMS2_E117.9_N38.3_20200428_L1A0005156042-MSS2.xml,centertime,2020/4/28 11:17,2020/4/28 11:17,17:28.5,corner_average_longitude,117.89025,corner_average_latitude,38.2565,xml_corner_average,ok,,2020/4/28 11:17,2020/4/28 3:17,8,FES2022_extrapolated,nearest,117.89025,38.2565,scene_center,0.0,-0.835784477,低潮,中低潮,-0.621703989,0.030476945,0.403503917,-1,1
E:\进行时\美丽海湾\数据样本\GF2原始数据\GF2_PMS2_E117.9_N39.1_20150426_L1A0000772701.tar.gz,117.9,39.1,2015/4/26,GF2_PMS2_E117.9_N39.1_20150426_L1A0000772701-MSS2.xml,centertime,2015/4/26 10:55,2015/4/26 10:55,55:01.5,corner_average_longitude,117.83875,corner_average_latitude,39.017175,xml_corner_average,ok,,2015/4/26 10:55,2015/4/26 2:55,8,FES2022_extrapolated,linear,117.83875,39.017175,scene_center,0.0,0.028335963,中低潮,中高潮,-0.621703989,0.030476945,0.403503917,-1,1
E:\进行时\美丽海湾\数据样本\GF2原始数据\GF2_PMS2_E117.9_N39.1_20210408_L1A0005582760.tar.gz,117.9,39.1,2021/4/8,GF2_PMS2_E117.9_N39.1_20210408_L1A0005582760-MSS2.xml,centertime,2021/4/8 11:04,2021/4/8 11:04,04:08.5,corner_average_longitude,117.8665,corner_average_latitude,39.1448,xml_corner_average,ok,,2021/4/8 11:04,2021/4/8 3:04,8,FES2022_extrapolated,linear,117.8665,39.1448,scene_center,0.0,0.570102677,高潮,中高潮,-0.621703989,0.030476945,0.403503917,1,1
E:\进行时\美丽海湾\数据样本\GF2原始数据\GF2_PMS2_E117.9_N39.1_20210408_L1A0005608835.tar.gz,117.9,39.1,2021/4/8,GF2_PMS2_E117.9_N39.1_20210408_L1A0005608835-MSS2.xml,centertime,2021/4/8 11:04,2021/4/8 11:04,04:08.5,corner_average_longitude,117.8665,corner_average_latitude,39.143775,xml_corner_average,ok,,2021/4/8 11:04,2021/4/8 3:04,8,FES2022_extrapolated,linear,117.8665,39.143775,scene_center,0.0,0.5699412,高潮,中高潮,-0.621703989,0.030476945,0.403503917,1,1
E:\进行时\美丽海湾\数据样本\GF2原始数据\GF2_PMS2_E117.9_N39.1_20240207_L1A13665102001.tar.gz,117.9,39.1,2024/2/7,GF2_PMS2_E117.9_N39.1_20240207_L1A13665102001-MSS2.xml,centertime,2024/2/7 9:44,2024/2/7 9:44,44:35.5,centerlongitude,117.88389,centerlatitude,39.148566,xml_center,ok,,2024/2/7 9:44,2024/2/7 1:44,8,FES2022_extrapolated,linear,117.88389,39.148566,scene_center,0.0,0.470222407,高潮,中高潮,-0.621703989,0.030476945,0.403503917,1,1
E:\进行时\美丽海湾\数据样本\GF2原始数据\GF2_PMS2_E118.0_N39.3_20150426_L1A0000772700.tar.gz,118.0,39.3,2015/4/26,GF2_PMS2_E118.0_N39.3_20150426_L1A0000772700-MSS2.xml,centertime,2015/4/26 10:54,2015/4/26 10:54,54:58.5,corner_average_longitude,117.884,corner_average_latitude,39.194875,xml_corner_average,ok,,2015/4/26 10:54,2015/4/26 2:54,8,FES2022_extrapolated,nearest,117.884,39.194875,scene_center,0.0,0.004729948,中低潮,中高潮,-0.621703989,0.030476945,0.403503917,-1,1
E:\进行时\美丽海湾\数据样本\GF2原始数据\GF2_PMS2_E118.1_N39.1_20211101_L1A0006004348.tar.gz,118.1,39.1,2021/11/1,GF2_PMS2_E118.1_N39.1_20211101_L1A0006004348-MSS2.xml,centertime,2021/11/1 10:53,2021/11/1 10:53,2021/11/1 10:53,corner_average_longitude,118.09375,corner_average_latitude,39.144425,xml_corner_average,ok,,2021/11/1 10:53,2021/11/1 2:53,8,FES2022_extrapolated,linear,118.09375,39.144425,scene_center,0.0,0.588059893,高潮,中高潮,-0.621703989,0.030476945,0.403503917,1,1
E:\进行时\美丽海湾\数据样本\GF2原始数据\GF2_PMS2_E118.2_N39.1_20240619_L1A13920910001.tar.gz,118.2,39.1,2024/6/19,GF2_PMS2_E118.2_N39.1_20240619_L1A13920910001-MSS2.xml,centertime,2024/6/19 9:27,2024/6/19 9:27,2024/6/19 9:27,centerlongitude,118.200271,centerlatitude,39.14851,xml_center,ok,,2024/6/19 9:27,2024/6/19 1:27,8,FES2022_extrapolated,nearest_valid_grid,118.1666667,39.13333333,nearest_valid_fes_grid,3.353653397,-0.677785889,低潮,中低潮,-0.621703989,0.030476945,0.403503917,-1,1
E:\进行时\美丽海湾\数据样本\GF2原始数据\GF2_PMS2_E118.3_N39.0_20210601_L1A0005676798.tar.gz,118.3,39.0,2021/6/1,GF2_PMS2_E118.3_N39.0_20210601_L1A0005676798-MSS2.xml,centertime,2021/6/1 10:57,2021/6/1 10:57,2021/6/1 10:57,corner_average_longitude,118.32075,corner_average_latitude,38.9672,xml_corner_average,ok,,2021/6/1 10:57,2021/6/1 2:57,8,FES2022_extrapolated,linear,118.32075,38.9672,scene_center,0.0,-0.902019355,低潮,中低潮,-0.621703989,0.030476945,0.403503917,-1,1
E:\进行时\美丽海湾\数据样本\GF2原始数据\GF2_PMS2_E118.3_N39.1_20160405_L1A0001506178.tar.gz,118.3,39.1,2016/4/5,GF2_PMS2_E118.3_N39.1_20160405_L1A0001506178-MSS2.xml,centertime,2016/4/5 11:06,2016/4/5 11:06,2016/4/5 11:06,corner_average_longitude,118.258,corner_average_latitude,39.145075,xml_corner_average,ok,,2016/4/5 11:06,2016/4/5 3:06,8,FES2022_extrapolated,nearest_valid_grid,118.3,39.16666667,nearest_valid_fes_grid,4.344984448,0.484061694,高潮,中高潮,-0.621703989,0.030476945,0.403503917,1,1
E:\进行时\美丽海湾\数据样本\GF2原始数据\GF2_PMS2_E118.3_N39.1_20170930_L1A0002638472.tar.gz,118.3,39.1,2017/9/30,GF2_PMS2_E118.3_N39.1_20170930_L1A0002638472-MSS2.xml,centertime,2017/9/30 11:34,2017/9/30 11:34,34:03.5,corner_average_longitude,118.2675,corner_average_latitude,39.141175,xml_corner_average,ok,,2017/9/30 11:34,2017/9/30 3:34,8,FES2022_extrapolated,nearest_valid_grid,118.3,39.16666667,nearest_valid_fes_grid,3.985961779,0.526463715,高潮,中高潮,-0.621703989,0.030476945,0.403503917,1,1
E:\进行时\美丽海湾\数据样本\GF2原始数据\GF2_PMS2_E118.3_N39.1_20180623_L1A0003276808.tar.gz,118.3,39.1,2018/6/23,GF2_PMS2_E118.3_N39.1_20180623_L1A0003276808-MSS2.xml,centertime,2018/6/23 11:32,2018/6/23 11:32,32:07.5,corner_average_longitude,118.25875,corner_average_latitude,39.141575,xml_corner_average,ok,,2018/6/23 11:32,2018/6/23 3:32,8,FES2022_extrapolated,nearest_valid_grid,118.3,39.16666667,nearest_valid_fes_grid,4.520569912,0.558476734,高潮,中高潮,-0.621703989,0.030476945,0.403503917,1,1
E:\进行时\美丽海湾\数据样本\GF2原始数据\GF2_PMS2_E118.3_N39.1_20240202_L1A13652414001.tar.gz,118.3,39.1,2024/2/2,GF2_PMS2_E118.3_N39.1_20240202_L1A13652414001-MSS2.xml,centertime,2024/2/2 9:43,2024/2/2 9:43,43:27.5,centerlongitude,118.305018,centerlatitude,39.148938,xml_center,ok,,2024/2/2 9:43,2024/2/2 1:43,8,FES2022_extrapolated,nearest_valid_grid,118.3,39.16666667,nearest_valid_fes_grid,2.018261314,0.515059554,高潮,中高潮,-0.621703989,0.030476945,0.403503917,1,1
E:\进行时\美丽海湾\数据样本\GF2原始数据\GF2_PMS2_E118.5_N39.1_20231120_L1A13484421001.tar.gz,118.5,39.1,2023/11/20,GF2_PMS2_E118.5_N39.1_20231120_L1A13484421001-MSS2.xml,centertime,2023/11/20 9:50,2023/11/20 9:50,50:36.5,centerlongitude,118.525098,centerlatitude,39.148867,xml_center,ok,,2023/11/20 9:50,2023/11/20 1:50,8,FES2022_extrapolated,nearest,118.525098,39.148867,scene_center,0.0,0.477859003,高潮,中高潮,-0.621703989,0.030476945,0.403503917,1,1
E:\进行时\美丽海湾\数据样本\GF2原始数据\GF2_PMS2_E118.5_N39.1_20250322_L1A14523541001.tar.gz,118.5,39.1,2025/3/22,GF2_PMS2_E118.5_N39.1_20250322_L1A14523541001-MSS2.xml,centertime,2025/3/22 9:50,2025/3/22 9:50,50:24.5,centerlongitude,118.526752,centerlatitude,39.147887,xml_center,ok,,2025/3/22 9:50,2025/3/22 1:50,8,FES2022_extrapolated,nearest,118.526752,39.147887,scene_center,0.0,0.021152385,中低潮,中高潮,-0.621703989,0.030476945,0.403503917,-1,1
E:\进行时\美丽海湾\数据样本\GF2原始数据\GF2_PMS2_E118.8_N39.1_20180420_L1A0003133894.tar.gz,118.8,39.1,2018/4/20,GF2_PMS2_E118.8_N39.1_20180420_L1A0003133894-MSS2.xml,centertime,2018/4/20 11:33,2018/4/20 11:33,33:06.5,corner_average_longitude,118.79925,corner_average_latitude,39.1406,xml_corner_average,ok,,2018/4/20 11:33,2018/4/20 3:33,8,FES2022_extrapolated,nearest,118.79925,39.1406,scene_center,0.0,-0.928628528,低潮,中低潮,-0.621703989,0.030476945,0.403503917,-1,1
E:\进行时\美丽海湾\数据样本\GF2原始数据\GF2_PMS2_E119.2_N39.3_20171103_L1A0002734780.tar.gz,119.2,39.3,2017/11/3,GF2_PMS2_E119.2_N39.3_20171103_L1A0002734780-MSS2.xml,centertime,2017/11/3 11:24,2017/11/3 11:24,2017/11/3 11:24,corner_average_longitude,119.191,corner_average_latitude,39.32105,xml_corner_average,ok,,2017/11/3 11:24,2017/11/3 3:24,8,FES2022_extrapolated,linear,119.191,39.32105,scene_center,0.0,0.417593981,高潮,中高潮,-0.621703989,0.030476945,0.403503917,1,1
E:\进行时\美丽海湾\数据样本\GF2原始数据\GF2_PMS2_E119.2_N39.3_20200413_L1A0004735390.tar.gz,119.2,39.3,2020/4/13,GF2_PMS2_E119.2_N39.3_20200413_L1A0004735390-MSS2.xml,centertime,2020/4/13 11:13,2020/4/13 11:13,13:35.5,corner_average_longitude,119.2125,corner_average_latitude,39.320575,xml_corner_average,ok,,2020/4/13 11:13,2020/4/13 3:13,8,FES2022_extrapolated,linear,119.2125,39.320575,scene_center,0.0,-0.678427534,低潮,中低潮,-0.621703989,0.030476945,0.403503917,-1,1
E:\进行时\美丽海湾\数据样本\GF2原始数据\GF2_PMS2_E119.3_N39.5_20250102_L1A14358251001.tar.gz,119.3,39.5,2025/1/2,GF2_PMS2_E119.3_N39.5_20250102_L1A14358251001-MSS2.xml,centertime,2025/1/2 9:41,2025/1/2 9:41,41:06.5,centerlongitude,119.289367,centerlatitude,39.503139,xml_center,ok,,2025/1/2 9:41,2025/1/2 1:41,8,FES2022_extrapolated,linear,119.289367,39.503139,scene_center,0.0,0.472836974,高潮,中高潮,-0.621703989,0.030476945,0.403503917,1,1
E:\进行时\美丽海湾\数据样本\GF2原始数据\GF2_PMS2_E119.3_N39.7_20250102_L1A14358250001.tar.gz,119.3,39.7,2025/1/2,GF2_PMS2_E119.3_N39.7_20250102_L1A14358250001-MSS2.xml,centertime,2025/1/2 9:41,2025/1/2 9:41,41:03.5,centerlongitude,119.344237,centerlatitude,39.680487,xml_center,ok,,2025/1/2 9:41,2025/1/2 1:41,8,FES2022_extrapolated,linear,119.344237,39.680487,scene_center,0.0,0.513943802,高潮,中高潮,-0.621703989,0.030476945,0.403503917,1,1
E:\进行时\美丽海湾\数据样本\GF2原始数据\GF2_PMS2_E119.4_N39.3_20160826_L1A0001786056.tar.gz,119.4,39.3,2016/8/26,GF2_PMS2_E119.4_N39.3_20160826_L1A0001786056-MSS2.xml,centertime,2016/8/26 11:11,2016/8/26 11:11,11:32.5,corner_average_longitude,119.35025,corner_average_latitude,39.3221,xml_corner_average,ok,,2016/8/26 11:11,2016/8/26 3:11,8,FES2022_extrapolated,linear,119.35025,39.3221,scene_center,0.0,0.003741694,中低潮,中高潮,-0.621703989,0.030476945,0.403503917,-1,1
E:\进行时\美丽海湾\数据样本\GF2原始数据\GF2_PMS2_E119.4_N39.7_20180306_L1A0003043985.tar.gz,119.4,39.7,2018/3/6,GF2_PMS2_E119.4_N39.7_20180306_L1A0003043985-MSS2.xml,centertime,2018/3/6 11:21,2018/3/6 11:21,2018/3/6 11:21,corner_average_longitude,119.35625,corner_average_latitude,39.676625,xml_corner_average,ok,,2018/3/6 11:21,2018/3/6 3:21,8,FES2022_extrapolated,linear,119.35625,39.676625,scene_center,0.0,0.000747506,中低潮,中高潮,-0.621703989,0.030476945,0.403503917,-1,1
E:\进行时\美丽海湾\数据样本\GF2原始数据\GF2_PMS2_E119.4_N39.9_20250102_L1A14358249001.tar.gz,119.4,39.9,2025/1/2,GF2_PMS2_E119.4_N39.9_20250102_L1A14358249001-MSS2.xml,centertime,2025/1/2 9:41,2025/1/2 9:41,41:00.5,centerlongitude,119.399316,centerlatitude,39.857791,xml_center,ok,,2025/1/2 9:41,2025/1/2 1:41,8,FES2022_extrapolated,linear,119.399316,39.857791,scene_center,0.0,0.530461145,高潮,中高潮,-0.621703989,0.030476945,0.403503917,1,1
E:\进行时\美丽海湾\数据样本\GF2原始数据\GF2_PMS2_E119.6_N39.9_20220403_L1A0006387170.tar.gz,119.6,39.9,2022/4/3,GF2_PMS2_E119.6_N39.9_20220403_L1A0006387170-MSS2.xml,centertime,2022/4/3 10:47,2022/4/3 10:47,2022/4/3 10:47,corner_average_longitude,119.62625,corner_average_latitude,39.84885,xml_corner_average,ok,,2022/4/3 10:47,2022/4/3 2:47,8,FES2022_extrapolated,linear,119.62625,39.84885,scene_center,0.0,0.003655506,中低潮,中高潮,-0.621703989,0.030476945,0.403503917,-1,1
E:\进行时\美丽海湾\数据样本\GF2原始数据\GF2_PMS2_E119.6_N39.9_20221130_L1A0006960430.tar.gz,119.6,39.9,2022/11/30,GF2_PMS2_E119.6_N39.9_20221130_L1A0006960430-MSS2.xml,centertime,2022/11/30 10:20,2022/11/30 10:20,20:24.5,corner_average_longitude,119.563148,corner_average_latitude,39.85803325,xml_corner_average,ok,,2022/11/30 10:20,2022/11/30 2:20,8,FES2022_extrapolated,linear,119.563148,39.85803325,scene_center,0.0,0.469369037,高潮,中高潮,-0.621703989,0.030476945,0.403503917,1,1
E:\进行时\美丽海湾\数据样本\GF2原始数据\GF2_PMS2_E119.7_N40.0_20220403_L1A0006387168.tar.gz,119.7,40.0,2022/4/3,GF2_PMS2_E119.7_N40.0_20220403_L1A0006387168-MSS2.xml,centertime,2022/4/3 10:47,2022/4/3 10:47,2022/4/3 10:47,corner_average_longitude,119.6865,corner_average_latitude,40.026175,xml_corner_average,ok,,2022/4/3 10:47,2022/4/3 2:47,8,FES2022_extrapolated,linear,119.6865,40.026175,scene_center,0.0,0.003217039,中低潮,中高潮,-0.621703989,0.030476945,0.403503917,-1,1
E:\进行时\美丽海湾\数据样本\GF2原始数据\GF2_PMS2_E119.8_N40.0_20180301_L1A0003034467.tar.gz,119.8,40.0,2018/3/1,GF2_PMS2_E119.8_N40.0_20180301_L1A0003034467-MSS2.xml,centertime,2018/3/1 11:19,2018/3/1 11:19,2018/3/1 11:19,corner_average_longitude,119.80525,corner_average_latitude,40.031225,xml_corner_average,ok,,2018/3/1 11:19,2018/3/1 3:19,8,FES2022_extrapolated,linear,119.80525,40.031225,scene_center,0.0,0.007364997,中低潮,中高潮,-0.621703989,0.030476945,0.403503917,-1,1
